<?xml version="1.0" standalone="yes"?>
<Buchnamen>
  <BUCH>
    <Buchnummer>1</Buchnummer>
    <BuchKurz>1Mo</BuchKurz>
    <BuchLang>1 Mose</BuchLang>
  </BUCH>
  <BUCH>
    <Buchnummer>2</Buchnummer>
    <BuchKurz>2Mo</BuchKurz>
    <BuchLang>2 Mose</BuchLang>
  </BUCH>
  <BUCH>
    <Buchnummer>3</Buchnummer>
    <BuchKurz>3Mo</BuchKurz>
    <BuchLang>3 Mose</BuchLang>
  </BUCH>
  <BUCH>
    <Buchnummer>4</Buchnummer>
    <BuchKurz>4Mo</BuchKurz>
    <BuchLang>4 Mose</BuchLang>
  </BUCH>
  <BUCH>
    <Buchnummer>5</Buchnummer>
    <BuchKurz>5Mo</BuchKurz>
    <BuchLang>5 Mose</BuchLang>
  </BUCH>
  <BUCH>
    <Buchnummer>6</Buchnummer>
    <BuchKurz>Jos</BuchKurz>
    <BuchLang>Josua</BuchLang>
  </BUCH>
  <BUCH>
    <Buchnummer>7</Buchnummer>
    <BuchKurz>Ri</BuchKurz>
    <BuchLang>Richter</BuchLang>
  </BUCH>
  <BUCH>
    <Buchnummer>8</Buchnummer>
    <BuchKurz>Ruth</BuchKurz>
    <BuchLang>Rut</BuchLang>
  </BUCH>
  <BUCH>
    <Buchnummer>9</Buchnummer>
    <BuchKurz>1Sam</BuchKurz>
    <BuchLang>1 Samuel</BuchLang>
  </BUCH>
  <BUCH>
    <Buchnummer>10</Buchnummer>
    <BuchKurz>2Sam</BuchKurz>
    <BuchLang>2 Samuel</BuchLang>
  </BUCH>
  <BUCH>
    <Buchnummer>11</Buchnummer>
    <BuchKurz>1Kön</BuchKurz>
    <BuchLang>1 Könige</BuchLang>
  </BUCH>
  <BUCH>
    <Buchnummer>12</Buchnummer>
    <BuchKurz>2Kön</BuchKurz>
    <BuchLang>2 Könige</BuchLang>
  </BUCH>
  <BUCH>
    <Buchnummer>13</Buchnummer>
    <BuchKurz>1Chr</BuchKurz>
    <BuchLang>1 Chronik</BuchLang>
  </BUCH>
  <BUCH>
    <Buchnummer>14</Buchnummer>
    <BuchKurz>2Chr</BuchKurz>
    <BuchLang>2 Chronik</BuchLang>
  </BUCH>
  <BUCH>
    <Buchnummer>15</Buchnummer>
    <BuchKurz>Esr</BuchKurz>
    <BuchLang>Esra</BuchLang>
  </BUCH>
  <BUCH>
    <Buchnummer>16</Buchnummer>
    <BuchKurz>Neh</BuchKurz>
    <BuchLang>Nehemia</BuchLang>
  </BUCH>
  <BUCH>
    <Buchnummer>17</Buchnummer>
    <BuchKurz>Est</BuchKurz>
    <BuchLang>Ester</BuchLang>
  </BUCH>
  <BUCH>
    <Buchnummer>18</Buchnummer>
    <BuchKurz>Hi</BuchKurz>
    <BuchLang>Hiob</BuchLang>
  </BUCH>
  <BUCH>
    <Buchnummer>19</Buchnummer>
    <BuchKurz>Ps</BuchKurz>
    <BuchLang>Psalm</BuchLang>
  </BUCH>
  <BUCH>
    <Buchnummer>20</Buchnummer>
    <BuchKurz>Spr</BuchKurz>
    <BuchLang>Sprüche</BuchLang>
  </BUCH>
  <BUCH>
    <Buchnummer>21</Buchnummer>
    <BuchKurz>Pred</BuchKurz>
    <BuchLang>Prediger</BuchLang>
  </BUCH>
  <BUCH>
    <Buchnummer>22</Buchnummer>
    <BuchKurz>Hld</BuchKurz>
    <BuchLang>Hohelied</BuchLang>
  </BUCH>
  <BUCH>
    <Buchnummer>23</Buchnummer>
    <BuchKurz>Jes</BuchKurz>
    <BuchLang>Jesaja</BuchLang>
  </BUCH>
  <BUCH>
    <Buchnummer>24</Buchnummer>
    <BuchKurz>Jer</BuchKurz>
    <BuchLang>Jeremia</BuchLang>
  </BUCH>
  <BUCH>
    <Buchnummer>25</Buchnummer>
    <BuchKurz>Klgl</BuchKurz>
    <BuchLang>Klagelieder</BuchLang>
  </BUCH>
  <BUCH>
    <Buchnummer>26</Buchnummer>
    <BuchKurz>Hes</BuchKurz>
    <BuchLang>Hesekiel</BuchLang>
  </BUCH>
  <BUCH>
    <Buchnummer>27</Buchnummer>
    <BuchKurz>Dan</BuchKurz>
    <BuchLang>Daniel</BuchLang>
  </BUCH>
  <BUCH>
    <Buchnummer>28</Buchnummer>
    <BuchKurz>Hos</BuchKurz>
    <BuchLang>Hosea</BuchLang>
  </BUCH>
  <BUCH>
    <Buchnummer>29</Buchnummer>
    <BuchKurz>Joe</BuchKurz>
    <BuchLang>Joel</BuchLang>
  </BUCH>
  <BUCH>
    <Buchnummer>30</Buchnummer>
    <BuchKurz>Am</BuchKurz>
    <BuchLang>Amos</BuchLang>
  </BUCH>
  <BUCH>
    <Buchnummer>31</Buchnummer>
    <BuchKurz>Obd</BuchKurz>
    <BuchLang>Obadja</BuchLang>
  </BUCH>
  <BUCH>
    <Buchnummer>32</Buchnummer>
    <BuchKurz>Jon</BuchKurz>
    <BuchLang>Jona</BuchLang>
  </BUCH>
  <BUCH>
    <Buchnummer>33</Buchnummer>
    <BuchKurz>Mi</BuchKurz>
    <BuchLang>Micha</BuchLang>
  </BUCH>
  <BUCH>
    <Buchnummer>34</Buchnummer>
    <BuchKurz>Nah</BuchKurz>
    <BuchLang>Nahum</BuchLang>
  </BUCH>
  <BUCH>
    <Buchnummer>35</Buchnummer>
    <BuchKurz>Hab</BuchKurz>
    <BuchLang>Habakuk</BuchLang>
  </BUCH>
  <BUCH>
    <Buchnummer>36</Buchnummer>
    <BuchKurz>Zef</BuchKurz>
    <BuchLang>Zephanja</BuchLang>
  </BUCH>
  <BUCH>
    <Buchnummer>37</Buchnummer>
    <BuchKurz>Hag</BuchKurz>
    <BuchLang>Haggai</BuchLang>
  </BUCH>
  <BUCH>
    <Buchnummer>38</Buchnummer>
    <BuchKurz>Sach</BuchKurz>
    <BuchLang>Sacharja</BuchLang>
  </BUCH>
  <BUCH>
    <Buchnummer>39</Buchnummer>
    <BuchKurz>Mal</BuchKurz>
    <BuchLang>Maleachi</BuchLang>
  </BUCH>
  <BUCH>
    <Buchnummer>40</Buchnummer>
    <BuchKurz>Mt</BuchKurz>
    <BuchLang>Matthäus</BuchLang>
  </BUCH>
  <BUCH>
    <Buchnummer>41</Buchnummer>
    <BuchKurz>Mk</BuchKurz>
    <BuchLang>Markus</BuchLang>
  </BUCH>
  <BUCH>
    <Buchnummer>42</Buchnummer>
    <BuchKurz>Lk</BuchKurz>
    <BuchLang>Lukas</BuchLang>
  </BUCH>
  <BUCH>
    <Buchnummer>43</Buchnummer>
    <BuchKurz>Joh</BuchKurz>
    <BuchLang>Johannes</BuchLang>
  </BUCH>
  <BUCH>
    <Buchnummer>44</Buchnummer>
    <BuchKurz>Apg</BuchKurz>
    <BuchLang>Apostelgeschichte</BuchLang>
  </BUCH>
  <BUCH>
    <Buchnummer>45</Buchnummer>
    <BuchKurz>Röm</BuchKurz>
    <BuchLang>Römer</BuchLang>
  </BUCH>
  <BUCH>
    <Buchnummer>46</Buchnummer>
    <BuchKurz>1Kor</BuchKurz>
    <BuchLang>1 Korinther</BuchLang>
  </BUCH>
  <BUCH>
    <Buchnummer>47</Buchnummer>
    <BuchKurz>2Kor</BuchKurz>
    <BuchLang>2 Korinther</BuchLang>
  </BUCH>
  <BUCH>
    <Buchnummer>48</Buchnummer>
    <BuchKurz>Gal</BuchKurz>
    <BuchLang>Galater</BuchLang>
  </BUCH>
  <BUCH>
    <Buchnummer>49</Buchnummer>
    <BuchKurz>Eph</BuchKurz>
    <BuchLang>Epheser</BuchLang>
  </BUCH>
  <BUCH>
    <Buchnummer>50</Buchnummer>
    <BuchKurz>Phil</BuchKurz>
    <BuchLang>Philipper</BuchLang>
  </BUCH>
  <BUCH>
    <Buchnummer>51</Buchnummer>
    <BuchKurz>Kol</BuchKurz>
    <BuchLang>Kolosser</BuchLang>
  </BUCH>
  <BUCH>
    <Buchnummer>52</Buchnummer>
    <BuchKurz>1Thess</BuchKurz>
    <BuchLang>1 Thessalonicher</BuchLang>
  </BUCH>
  <BUCH>
    <Buchnummer>53</Buchnummer>
    <BuchKurz>2Thess</BuchKurz>
    <BuchLang>2 Thessalonicher</BuchLang>
  </BUCH>
  <BUCH>
    <Buchnummer>54</Buchnummer>
    <BuchKurz>1Tim</BuchKurz>
    <BuchLang>1 Timotheus</BuchLang>
  </BUCH>
  <BUCH>
    <Buchnummer>55</Buchnummer>
    <BuchKurz>2Tim</BuchKurz>
    <BuchLang>2 Timotheus</BuchLang>
  </BUCH>
  <BUCH>
    <Buchnummer>56</Buchnummer>
    <BuchKurz>Tit</BuchKurz>
    <BuchLang>Titus</BuchLang>
  </BUCH>
  <BUCH>
    <Buchnummer>57</Buchnummer>
    <BuchKurz>Phlm</BuchKurz>
    <BuchLang>Philemon</BuchLang>
  </BUCH>
  <BUCH>
    <Buchnummer>58</Buchnummer>
    <BuchKurz>Hebr</BuchKurz>
    <BuchLang>Hebräer</BuchLang>
  </BUCH>
  <BUCH>
    <Buchnummer>59</Buchnummer>
    <BuchKurz>Jak</BuchKurz>
    <BuchLang>Jakobus</BuchLang>
  </BUCH>
  <BUCH>
    <Buchnummer>60</Buchnummer>
    <BuchKurz>1Petr</BuchKurz>
    <BuchLang>1 Petrus</BuchLang>
  </BUCH>
  <BUCH>
    <Buchnummer>61</Buchnummer>
    <BuchKurz>2Petr</BuchKurz>
    <BuchLang>2 Petrus</BuchLang>
  </BUCH>
  <BUCH>
    <Buchnummer>62</Buchnummer>
    <BuchKurz>1Joh</BuchKurz>
    <BuchLang>1 Johannes</BuchLang>
  </BUCH>
  <BUCH>
    <Buchnummer>63</Buchnummer>
    <BuchKurz>2Joh</BuchKurz>
    <BuchLang>2 Johannes</BuchLang>
  </BUCH>
  <BUCH>
    <Buchnummer>64</Buchnummer>
    <BuchKurz>3Joh</BuchKurz>
    <BuchLang>3 Johannes</BuchLang>
  </BUCH>
  <BUCH>
    <Buchnummer>65</Buchnummer>
    <BuchKurz>Jud</BuchKurz>
    <BuchLang>Judas</BuchLang>
  </BUCH>
  <BUCH>
    <Buchnummer>66</Buchnummer>
    <BuchKurz>Offb</BuchKurz>
    <BuchLang>Offenbarung</BuchLang>
  </BUCH>
  <BUCH>
    <Buchnummer>67</Buchnummer>
    <BuchKurz>Jdt</BuchKurz>
    <BuchLang>Judit</BuchLang>
  </BUCH>
  <BUCH>
    <Buchnummer>68</Buchnummer>
    <BuchKurz>Weish</BuchKurz>
    <BuchLang>Weisheit</BuchLang>
  </BUCH>
  <BUCH>
    <Buchnummer>69</Buchnummer>
    <BuchKurz>Tob</BuchKurz>
    <BuchLang>Tobia</BuchLang>
  </BUCH>
  <BUCH>
    <Buchnummer>70</Buchnummer>
    <BuchKurz>Sir</BuchKurz>
    <BuchLang>Sirach</BuchLang>
  </BUCH>
  <BUCH>
    <Buchnummer>71</Buchnummer>
    <BuchKurz>Bar</BuchKurz>
    <BuchLang>Baruch</BuchLang>
  </BUCH>
  <BUCH>
    <Buchnummer>72</Buchnummer>
    <BuchKurz>1Makk</BuchKurz>
    <BuchLang>1 Makkabäer</BuchLang>
  </BUCH>
  <BUCH>
    <Buchnummer>73</Buchnummer>
    <BuchKurz>2Makk</BuchKurz>
    <BuchLang>2 Makkabäer</BuchLang>
  </BUCH>
  <BUCH>
    <Buchnummer>74</Buchnummer>
    <BuchKurz>xDan</BuchKurz>
    <BuchLang>xDaniel</BuchLang>
  </BUCH>
  <BUCH>
    <Buchnummer>75</Buchnummer>
    <BuchKurz>xEst</BuchKurz>
    <BuchLang>xEster</BuchLang>
  </BUCH>
  <BUCH>
    <Buchnummer>76</Buchnummer>
    <BuchKurz>Man</BuchKurz>
    <BuchLang>Manasse</BuchLang>
  </BUCH>
  <BUCH>
    <Buchnummer>77</Buchnummer>
    <BuchKurz>3Makk</BuchKurz>
    <BuchLang>3 Makkabäer</BuchLang>
  </BUCH>
  <BUCH>
    <Buchnummer>78</Buchnummer>
    <BuchKurz>4Makk</BuchKurz>
    <BuchLang>4 Makkabäer</BuchLang>
  </BUCH>
  <BUCH>
    <Buchnummer>79</Buchnummer>
    <BuchKurz>EpJer</BuchKurz>
    <BuchLang>Brief Jeremias</BuchLang>
  </BUCH>
  <BUCH>
    <Buchnummer>80</Buchnummer>
    <BuchKurz>1Esr</BuchKurz>
    <BuchLang>1 Esra</BuchLang>
  </BUCH>
  <BUCH>
    <Buchnummer>81</Buchnummer>
    <BuchKurz>2Esr</BuchKurz>
    <BuchLang>2 Esra</BuchLang>
  </BUCH>
  <BUCH>
    <Buchnummer>82</Buchnummer>
    <BuchKurz>OdSal</BuchKurz>
    <BuchLang>Oden Salomos</BuchLang>
  </BUCH>
  <BUCH>
    <Buchnummer>83</Buchnummer>
    <BuchKurz>PsSal</BuchKurz>
    <BuchLang>Psalmen Salomos</BuchLang>
  </BUCH>
  <BUCH>
    <Buchnummer>84</Buchnummer>
    <BuchKurz>Lao</BuchKurz>
    <BuchLang>Laodizäer</BuchLang>
  </BUCH>
  <BUCH>
    <Buchnummer>85</Buchnummer>
    <BuchKurz>1En</BuchKurz>
    <BuchLang>1 Enoch</BuchLang>
  </BUCH>
  <BUCH>
    <Buchnummer>86</Buchnummer>
    <BuchKurz>kGen</BuchKurz>
    <BuchLang>Kleines Genesis</BuchLang>
  </BUCH>
  <BUCH>
    <Buchnummer>90</Buchnummer>
    <BuchKurz>Sus</BuchKurz>
    <BuchLang>Susanna</BuchLang>
  </BUCH>
  <BUCH>
    <Buchnummer>91</Buchnummer>
    <BuchKurz>Bel</BuchKurz>
    <BuchLang>Bel und der Drache</BuchLang>
  </BUCH>
  <BUCH>
    <Buchnummer>89</Buchnummer>
    <BuchKurz>Ps151</BuchKurz>
    <BuchLang>Psalm 151</BuchLang>
  </BUCH>
  <BUCH>
    <Buchnummer>90</Buchnummer>
    <BuchKurz>SusTh</BuchKurz>
    <BuchLang>Susanna (Theodotion)</BuchLang>
  </BUCH>
  <BUCH>
    <Buchnummer>91</Buchnummer>
    <BuchKurz>BelTh</BuchKurz>
    <BuchLang>Bel und der Drache (Theodotion)</BuchLang>
  </BUCH>
</Buchnamen>